Start time: 0.0, End time: 0.12, Alpha: 0.71 --- valid
0.000000000000000000e+00
5.379092492129469716e-02
1.075287646939491470e-01
1.611604865579557844e-01
2.146331624788710424e-01
2.678940213813953419e-01
3.208905012280534041e-01
3.735703008915790546e-01
4.258814317698138008e-01
4.777722690921801796e-01
5.291916028670974326e-01
5.800886884200615601e-01
6.304132964725109867e-01
6.801157627120618665e-01
7.291470368051868878e-01
7.774587308039738742e-01
8.250031668991874012e-01
8.717334244725107872e-01
9.176033864015317176e-01
9.625677845717736103e-01
1.006582244550860095e+00
1.049603329380722316e+00
1.091588582444631195e+00
1.132496569366753691e+00
1.172286918902879282e+00
1.210920362781962689e+00
1.248358774459167320e+00
1.284565206742162013e+00
1.319503928253539016e+00
1.353140458693369741e+00
1.385441602867097499e+00
1.416375483445187156e+00
1.445911572422200697e+00
1.474020721244253318e+00
1.500675189575116475e+00
1.525848672672579731e+00
1.549516327348058553e+00
1.571654796483817673e+00
1.592242232083630471e+00
1.611258316834111248e+00
1.628684284155450301e+00
1.644502936721765174e+00
1.658698663432780718e+00
1.671257454820104904e+00
1.682166916872879447e+00
1.691416283269173260e+00
1.698996426001043281e+00
1.704899864382774410e+00
1.709120772433414981e+00
1.711654984626315379e+00
1.712499999999999911e+00
1.711654984626315379e+00
1.709120772433414981e+00
1.704899864382774410e+00
1.698996426001043059e+00
1.691416283269173260e+00
1.682166916872879447e+00
1.671257454820104904e+00
1.658698663432780718e+00
1.644502936721764952e+00
1.628684284155450301e+00
1.611258316834111026e+00
1.592242232083630249e+00
1.571654796483817673e+00
1.549516327348058331e+00
1.525848672672579509e+00
1.500675189575116031e+00
1.474020721244253318e+00
1.445911572422200475e+00
1.416375483445186934e+00
1.385441602867097499e+00
1.353140458693369519e+00
1.319503928253538350e+00
1.284565206742162013e+00
1.248358774459167098e+00
1.210920362781962023e+00
1.172286918902879060e+00
1.132496569366753691e+00
1.091588582444630751e+00
1.049603329380722094e+00
1.006582244550860317e+00
9.625677845717739434e-01
9.176033864015309405e-01
8.717334244725104542e-01
8.250031668991866241e-01
7.774587308039733191e-01
7.291470368051865547e-01
6.801157627120610893e-01
6.304132964725106536e-01
5.800886884200613380e-01
5.291916028670968775e-01
4.777722690921798465e-01
4.258814317698138563e-01
3.735703008915787215e-01
3.208905012280532931e-01
2.678940213813955640e-01
2.146331624788707371e-01
1.611604865579558121e-01
1.075287646939495079e-01
5.379092492129460001e-02
2.097207643539842222e-16
-5.379092492129571024e-02
-1.075287646939498409e-01
-1.611604865579561452e-01
-2.146331624788718473e-01
-2.678940213813958970e-01
-3.208905012280536262e-01
-3.735703008915797763e-01
-4.258814317698141894e-01
-4.777722690921801241e-01
-5.291916028670979877e-01
-5.800886884200616711e-01
-6.304132964725108756e-01
-6.801157627120620885e-01
-7.291470368051868878e-01
-7.774587308039735412e-01
-8.250031668991875122e-01
-8.717334244725106762e-01
-9.176033864015313846e-01
-9.625677845717743875e-01
-1.006582244550860539e+00
-1.049603329380722982e+00
-1.091588582444631417e+00
-1.132496569366754136e+00
-1.172286918902879727e+00
-1.210920362781962911e+00
-1.248358774459167320e+00
-1.284565206742162458e+00
-1.319503928253539238e+00
-1.353140458693369741e+00
-1.385441602867098165e+00
-1.416375483445187600e+00
-1.445911572422201141e+00
-1.474020721244253540e+00
-1.500675189575116253e+00
-1.525848672672579731e+00
-1.549516327348058775e+00
-1.571654796483817895e+00
-1.592242232083630471e+00
-1.611258316834111026e+00
-1.628684284155450301e+00
-1.644502936721765174e+00
-1.658698663432780718e+00
-1.671257454820104904e+00
-1.682166916872879447e+00
-1.691416283269173260e+00
-1.698996426001043059e+00
-1.704899864382774410e+00
-1.709120772433414981e+00
-1.711654984626315379e+00
-1.712499999999999911e+00
-1.711654984626315157e+00
-1.709120772433414981e+00
-1.704899864382774410e+00
-1.698996426001043281e+00
-1.691416283269173260e+00
-1.682166916872879225e+00
-1.671257454820104682e+00
-1.658698663432780718e+00
-1.644502936721764952e+00
-1.628684284155450523e+00
-1.611258316834111248e+00
-1.592242232083630693e+00
-1.571654796483816785e+00
-1.549516327348057665e+00
-1.525848672672579287e+00
-1.500675189575116031e+00
-1.474020721244253096e+00
-1.445911572422199809e+00
-1.416375483445186267e+00
-1.385441602867096611e+00
-1.353140458693369297e+00
-1.319503928253538572e+00
-1.284565206742161791e+00
-1.248358774459165987e+00
-1.210920362781961801e+00
-1.172286918902878616e+00
-1.132496569366753247e+00
-1.091588582444630973e+00
-1.049603329380722094e+00
-1.006582244550859206e+00
-9.625677845717728331e-01
-9.176033864015311625e-01
-8.717334244725106762e-01
-8.250031668991874012e-01
-7.774587308039727640e-01
-7.291470368051861106e-01
-6.801157627120613114e-01
-6.304132964725107646e-01
-5.800886884200615601e-01
-5.291916028670978767e-01
-4.777722690921792359e-01
-4.258814317698133012e-01
-3.735703008915788881e-01
-3.208905012280535152e-01
-2.678940213813957305e-01
-2.146331624788717085e-01
-1.611604865579537582e-01
-1.075287646939489528e-01
-5.379092492129481512e-02
-4.194415287079684445e-16
5.379092492129397551e-02
1.075287646939511732e-01
1.611604865579574497e-01
2.146331624788724024e-01
2.678940213813964522e-01
3.208905012280541813e-01
3.735703008915795542e-01
4.258814317698154106e-01
4.777722690921814563e-01
5.291916028670984318e-01
5.800886884200622262e-01
6.304132964725114308e-01
6.801157627120618665e-01
7.291470368051881090e-01
7.774587308039747624e-01
8.250031668991880673e-01
8.717334244725112313e-01
9.176033864015317176e-01
9.625677845717733883e-01
1.006582244550860983e+00
1.049603329380722760e+00
1.091588582444631417e+00
1.132496569366753913e+00
1.172286918902879282e+00
1.210920362781963133e+00
1.248358774459167764e+00
1.284565206742162236e+00
1.319503928253539016e+00
1.353140458693369519e+00
1.385441602867097055e+00
1.416375483445187378e+00
1.445911572422200919e+00
1.474020721244253318e+00
1.500675189575116253e+00
1.525848672672579731e+00
1.549516327348058109e+00
1.571654796483818339e+00
1.592242232083631137e+00
1.611258316834111470e+00
1.628684284155450746e+00
1.644502936721765174e+00
1.658698663432781162e+00
1.671257454820105348e+00
1.682166916872879447e+00
1.691416283269173260e+00
1.698996426001043281e+00
1.704899864382774410e+00
1.709120772433415203e+00
1.711654984626315379e+00
1.712499999999999911e+00
1.711654984626315157e+00
1.709120772433414981e+00
1.704899864382774410e+00
1.698996426001043059e+00
1.691416283269173260e+00
1.682166916872879225e+00
1.671257454820104682e+00
1.658698663432780718e+00
1.644502936721764064e+00
1.628684284155449635e+00
1.611258316834110138e+00
1.592242232083629805e+00
1.571654796483817007e+00
1.549516327348057887e+00
1.525848672672579287e+00
1.500675189575116031e+00
1.474020721244253318e+00
1.445911572422200697e+00
1.416375483445187156e+00
1.385441602867097721e+00
1.353140458693368409e+00
1.319503928253537905e+00
1.284565206742160903e+00
1.248358774459166209e+00
1.210920362781961801e+00
1.172286918902878838e+00
1.132496569366753469e+00
1.091588582444631195e+00
1.049603329380722316e+00
1.006582244550860539e+00
9.625677845717743875e-01
9.176033864015300523e-01
8.717334244725094550e-01
8.250031668991862910e-01
7.774587308039729860e-01
7.291470368051863327e-01
6.801157627120615334e-01
6.304132964725081001e-01
5.800886884200616711e-01
5.291916028670980987e-01
4.777722690921809567e-01
4.258814317698150220e-01
3.735703008915776113e-01
3.208905012280522384e-01
2.678940213813944538e-01
2.146331624788704040e-01
1.611604865579554513e-01
1.075287646939491748e-01
5.379092492129199099e-02
-2.412848794410976072e-15
-5.379092492129679964e-02
-1.075287646939509512e-01
-1.611604865579572554e-01
-2.146331624788721804e-01
-2.678940213813962301e-01
-3.208905012280539593e-01
-3.735703008915793322e-01
-4.258814317698137453e-01
-4.777722690921797355e-01
-5.291916028670967664e-01
-5.800886884200634475e-01
-6.304132964725126520e-01
-6.801157627120630877e-01
-7.291470368051878870e-01
-7.774587308039746514e-01
-8.250031668991878453e-01
-8.717334244725110093e-01
-9.176033864015314956e-01
-9.625677845717758307e-01
-1.006582244550859651e+00
-1.049603329380723871e+00
-1.091588582444630084e+00
-1.132496569366754802e+00
-1.172286918902877950e+00
-1.210920362781963133e+00
-1.248358774459169762e+00
-1.284565206742162013e+00
-1.319503928253541014e+00
-1.353140458693369297e+00
-1.385441602867098831e+00
-1.416375483445188266e+00
-1.445911572422201585e+00
-1.474020721244254206e+00
-1.500675189575116919e+00
-1.525848672672580397e+00
-1.549516327348059885e+00
-1.571654796483817673e+00
-1.592242232083631581e+00
-1.611258316834110804e+00
-1.628684284155451190e+00
-1.644502936721764730e+00
-1.658698663432781162e+00
-1.671257454820105126e+00
-1.682166916872879447e+00
-1.691416283269173260e+00
-1.698996426001043281e+00
-1.704899864382774410e+00
-1.709120772433415203e+00
-1.711654984626315379e+00
-1.712499999999999911e+00
-1.711654984626315379e+00
-1.709120772433414759e+00
-1.704899864382774188e+00
-1.698996426001043059e+00
-1.691416283269173260e+00
-1.682166916872879225e+00
-1.671257454820104682e+00
-1.658698663432780718e+00
-1.644502936721765174e+00
-1.628684284155449857e+00
-1.611258316834111470e+00
-1.592242232083629805e+00
-1.571654796483818117e+00
-1.549516327348057887e+00
-1.525848672672578177e+00
-1.500675189575116031e+00
-1.474020721244251764e+00
-1.445911572422200919e+00
-1.416375483445185601e+00
-1.385441602867096167e+00
-1.353140458693368409e+00
-1.319503928253537905e+00
-1.284565206742161125e+00
-1.248358774459166431e+00
-1.210920362781962023e+00
-1.172286918902879060e+00
-1.132496569366751471e+00
-1.091588582444631195e+00
-1.049603329380720096e+00
-1.006582244550860761e+00
-9.625677845717720560e-01
-9.176033864015301633e-01
-8.717334244725096770e-01
-8.250031668991865130e-01
-7.774587308039732081e-01
-7.291470368051865547e-01
-6.801157627120589799e-01
-6.304132964725112087e-01
-5.800886884200590066e-01
-5.291916028670982097e-01
-4.777722690921781812e-01
-4.258814317698151886e-01
-3.735703008915778334e-01
-3.208905012280494629e-01
-2.678940213813946758e-01
-2.146331624788705983e-01
-1.611604865579556733e-01
-1.075287646939493830e-01
-5.379092492129219222e-02
-8.388830574159368890e-16
5.379092492129659842e-02
1.075287646939477038e-01
1.611604865579570334e-01
2.146331624788749837e-01
2.678940213813960081e-01
3.208905012280567348e-01
3.735703008915791656e-01
4.258814317698165208e-01
4.777722690921795134e-01
5.291916028670994310e-01
5.800886884200632254e-01
6.304132964725124300e-01
6.801157627120628657e-01
7.291470368051877760e-01
7.774587308039744293e-01
8.250031668991902878e-01
8.717334244725107872e-01
9.176033864015340491e-01
9.625677845717731662e-01
1.006582244550861871e+00
1.049603329380723649e+00
1.091588582444632305e+00
1.132496569366754580e+00
1.172286918902879949e+00
1.210920362781963133e+00
1.248358774459167320e+00
1.284565206742161791e+00
1.319503928253540792e+00
1.353140458693369297e+00
1.385441602867098609e+00
1.416375483445186267e+00
1.445911572422201585e+00
1.474020721244255538e+00
1.500675189575116697e+00
1.525848672672581507e+00
1.549516327348058553e+00
1.571654796483818783e+00
1.592242232083630249e+00
1.611258316834111692e+00
1.628684284155451190e+00
1.644502936721765396e+00
1.658698663432780940e+00
1.671257454820104460e+00
1.682166916872879447e+00
1.691416283269173926e+00
1.698996426001043281e+00
1.704899864382774854e+00
1.709120772433414981e+00
1.711654984626315379e+00
1.712499999999999911e+00
1.711654984626315157e+00
1.709120772433414981e+00
1.704899864382774410e+00
1.698996426001043059e+00
1.691416283269173260e+00
1.682166916872879225e+00
1.671257454820104238e+00
1.658698663432780718e+00
1.644502936721764286e+00
1.628684284155450746e+00
1.611258316834110360e+00
1.592242232083630027e+00
1.571654796483817229e+00
1.549516327348058109e+00
1.525848672672579509e+00
1.500675189575116031e+00
1.474020721244251986e+00
1.445911572422200919e+00
1.416375483445185823e+00
1.385441602867097943e+00
1.353140458693368631e+00
1.319503928253539904e+00
1.284565206742161125e+00
1.248358774459164655e+00
1.210920362781962245e+00
1.172286918902876840e+00
1.132496569366753913e+00
1.091588582444628974e+00
1.049603329380720318e+00
1.006582244550858540e+00
9.625677845717722780e-01
9.176033864015303854e-01
8.717334244725098991e-01
8.250031668991840705e-01
7.774587308039734301e-01
7.291470368051838902e-01
6.801157627120618665e-01
6.304132964725085442e-01
5.800886884200621152e-01
5.291916028670954342e-01
4.777722690921784032e-01
4.258814317698124130e-01
3.735703008915780554e-01
3.208905012280526270e-01
2.678940213813948978e-01
2.146331624788677950e-01
1.611604865579558954e-01
1.075287646939465519e-01
5.379092492129544656e-02
-1.993407265703007874e-15
-5.379092492129638331e-02
-1.075287646939505209e-01
-1.611604865579568391e-01
-2.146331624788717918e-01
-2.678940213813958415e-01
-3.208905012280535707e-01
-3.735703008915789436e-01
-4.258814317698162988e-01
-4.777722690921793469e-01
-5.291916028670993200e-01
-5.800886884200602278e-01
-6.304132964725122079e-01
-6.801157627120655302e-01
-7.291470368051875539e-01
-7.774587308039768718e-01
-8.250031668991874012e-01
-8.717334244725133408e-01
-9.176033864015364916e-01
-9.625677845717754977e-01
-1.006582244550864091e+00
-1.049603329380723427e+00
-1.091588582444634525e+00
-1.132496569366754358e+00
-1.172286918902881947e+00
-1.210920362781962911e+00
-1.248358774459169318e+00
-1.284565206742161791e+00
-1.319503928253540570e+00
-1.353140458693369297e+00
-1.385441602867098609e+00
-1.416375483445186267e+00
-1.445911572422201585e+00
-1.474020721244252208e+00
-1.500675189575116697e+00
-1.525848672672581507e+00
-1.549516327348058553e+00
-1.571654796483818783e+00
-1.592242232083630249e+00
-1.611258316834111692e+00
-1.628684284155450079e+00
-1.644502936721765396e+00
-1.658698663432781828e+00
-1.671257454820105126e+00
-1.682166916872879892e+00
-1.691416283269173260e+00
-1.698996426001043725e+00
-1.704899864382775077e+00
-1.709120772433415203e+00
-1.711654984626315379e+00
-1.712499999999999911e+00
-1.711654984626315157e+00
-1.709120772433414981e+00
-1.704899864382773966e+00
-1.698996426001043059e+00
-1.691416283269172816e+00
-1.682166916872879447e+00
-1.671257454820104238e+00
-1.658698663432780718e+00
-1.644502936721764286e+00
-1.628684284155450746e+00
-1.611258316834110360e+00
-1.592242232083631137e+00
-1.571654796483817229e+00
-1.549516327348056777e+00
-1.525848672672579731e+00
-1.500675189575114699e+00
-1.474020721244253540e+00
-1.445911572422199365e+00
-1.416375483445184269e+00
-1.385441602867096389e+00
-1.353140458693366854e+00
-1.319503928253538350e+00
-1.284565206742159349e+00
-1.248358774459166876e+00
-1.210920362781960247e+00
-1.172286918902874842e+00
-1.132496569366751693e+00
-1.091588582444631417e+00
-1.049603329380720540e+00
-1.006582244550861205e+00
-9.625677845717723891e-01
-9.176033864015332719e-01
-8.717334244725101211e-01
-8.250031668991895106e-01
-7.774587308039735412e-01
-7.291470368051841122e-01
-6.801157627120620885e-01
-6.304132964725087662e-01
-5.800886884200623372e-01
-5.291916028670956562e-01
-4.777722690921815119e-01
-4.258814317698126350e-01
-3.735703008915752799e-01
-3.208905012280528490e-01
-2.678940213813920668e-01
-2.146331624788710424e-01
-1.611604865579530643e-01
-1.075287646939437347e-01
-5.379092492129260855e-02
4.825697588821952143e-15
5.379092492129618208e-02
1.075287646939533520e-01
1.611604865579566170e-01
2.146331624788745951e-01
2.678940213813955640e-01
3.208905012280563462e-01
3.735703008915787215e-01
4.258814317698160767e-01
4.777722690921791804e-01
5.291916028670990979e-01
5.800886884200600058e-01
6.304132964725120969e-01
6.801157627120597571e-01
7.291470368051873319e-01
7.774587308039767608e-01
8.250031668991872902e-01
8.717334244725131187e-01
9.176033864015311625e-01
9.625677845717752756e-01
1.006582244550858984e+00
1.049603329380723427e+00
1.091588582444634303e+00
1.132496569366754358e+00
1.172286918902881947e+00
1.210920362781962689e+00
1.248358774459169096e+00
1.284565206742165566e+00
1.319503928253540570e+00
1.353140458693369075e+00
1.385441602867098387e+00
1.416375483445189598e+00
1.445911572422201363e+00
1.474020721244255316e+00
1.500675189575116475e+00
1.525848672672581285e+00
1.549516327348058331e+00
1.571654796483818783e+00
1.592242232083632469e+00
1.611258316834111692e+00
1.628684284155449857e+00
1.644502936721765396e+00
1.658698663432781828e+00
1.671257454820106458e+00
1.682166916872878781e+00
1.691416283269173260e+00
1.698996426001043725e+00
1.704899864382775077e+00
1.709120772433414759e+00
1.711654984626315157e+00
1.712499999999999911e+00
1.711654984626315157e+00
1.709120772433414537e+00
1.704899864382774632e+00
1.698996426001043059e+00
1.691416283269172816e+00
1.682166916872878115e+00
1.671257454820104238e+00
1.658698663432780718e+00
1.644502936721764286e+00
1.628684284155448969e+00
1.611258316834110582e+00
1.592242232083628917e+00
1.571654796483817229e+00
1.549516327348056999e+00
1.525848672672579731e+00
1.500675189575114921e+00
1.474020721244250653e+00
1.445911572422199587e+00
1.416375483445187600e+00
1.385441602867096389e+00
1.353140458693366854e+00
1.319503928253534575e+00
1.284565206742163568e+00
1.248358774459166876e+00
1.210920362781960469e+00
1.172286918902875064e+00
1.132496569366747252e+00
1.091588582444631639e+00
1.049603329380720762e+00
1.006582244550856320e+00
9.625677845717675041e-01
9.176033864015333830e-01
8.717334244725102321e-01
8.250031668991842926e-01
7.774587308039737632e-01
7.291470368051843343e-01
6.801157627120621996e-01
6.304132964725088772e-01
5.800886884200625593e-01
5.291916028670959893e-01
4.777722690921759052e-01
4.258814317698128571e-01
3.735703008915813861e-01
3.208905012280530156e-01
2.678940213813922333e-01
2.146331624788652415e-01
1.611604865579593371e-01
1.075287646939500075e-01
5.379092492129281672e-02
-4.615976824467968044e-15
-5.379092492130205239e-02
-1.075287646939470793e-01
-1.611604865579564227e-01
-2.146331624788743453e-01
-2.678940213814013926e-01
-3.208905012280561242e-01
-3.735703008915785550e-01
-4.258814317698159102e-01
-4.777722690921847870e-01
-5.291916028670988759e-01
-5.800886884200596727e-01
-6.304132964725118748e-01
-6.801157627120650861e-01
-7.291470368051872208e-01
-7.774587308039766498e-01
-8.250031668991870681e-01
-8.717334244725128967e-01
-9.176033864015309405e-01
-9.625677845717750536e-01
-1.006582244550863869e+00
-1.049603329380723205e+00
-1.091588582444629418e+00
-1.132496569366754358e+00
-1.172286918902881725e+00
-1.210920362781966908e+00
-1.248358774459164877e+00
-1.284565206742161347e+00
-1.319503928253540348e+00
-1.353140458693372628e+00
-1.385441602867101718e+00
-1.416375483445186045e+00
-1.445911572422201363e+00
-1.474020721244255316e+00
-1.500675189575119362e+00
-1.525848672672581285e+00
-1.549516327348058331e+00
-1.571654796483818561e+00
-1.592242232083632247e+00
-1.611258316834111470e+00
-1.628684284155451856e+00
-1.644502936721765396e+00
-1.658698663432781828e+00
-1.671257454820104904e+00
-1.682166916872879892e+00
-1.691416283269173260e+00
-1.698996426001043503e+00
-1.704899864382774410e+00
-1.709120772433415203e+00
-1.711654984626315379e+00
-1.712499999999999911e+00
-1.711654984626315379e+00
-1.709120772433414981e+00
-1.704899864382773966e+00
-1.698996426001042392e+00
-1.691416283269173704e+00
-1.682166916872879447e+00
-1.671257454820104238e+00
-1.658698663432779385e+00
-1.644502936721762731e+00
-1.628684284155450968e+00
-1.611258316834110582e+00
-1.592242232083628917e+00
-1.571654796483815009e+00
-1.549516327348056999e+00
-1.525848672672579953e+00
-1.500675189575114921e+00
-1.474020721244250653e+00
-1.445911572422199587e+00
-1.416375483445184491e+00
-1.385441602867096389e+00
-1.353140458693367076e+00
-1.319503928253538350e+00
-1.284565206742159571e+00
-1.248358774459162879e+00
-1.210920362781960469e+00
-1.172286918902879505e+00
-1.132496569366751915e+00
-1.091588582444627198e+00
-1.049603329380725647e+00
-1.006582244550861427e+00
-9.625677845717726111e-01
-9.176033864015284980e-01
-8.717334244725051251e-01
-8.250031668991898437e-01
-7.774587308039739852e-01
-7.291470368051845563e-01
-6.801157627120568705e-01
-6.304132964725034372e-01
-5.800886884200627813e-01
-5.291916028670961003e-01
-4.777722690921761273e-01
-4.258814317698130791e-01
-3.735703008915757239e-01
-3.208905012280532931e-01
-2.678940213813925109e-01
-2.146331624788714587e-01
-1.611604865579534807e-01
-1.075287646939441372e-01
-5.379092492129303182e-02
-1.677766114831873778e-15
5.379092492129575187e-02
1.075287646939529218e-01
1.611604865579622514e-01
2.146331624788681280e-01
2.678940213813952309e-01
3.208905012280559021e-01
3.735703008915842727e-01
4.258814317698216279e-01
4.777722690921787918e-01
5.291916028670987648e-01
5.800886884200653348e-01
6.304132964725173149e-01
6.801157627120594240e-01
7.291470368051869988e-01
7.774587308039764277e-01
8.250031668991922862e-01
8.717334244725127856e-01
9.176033864015308295e-01
9.625677845717749426e-01
1.006582244550863647e+00
1.049603329380722982e+00
1.091588582444634081e+00
1.132496569366754136e+00
1.172286918902881503e+00
1.210920362781962467e+00
1.248358774459168874e+00
1.284565206742165344e+00
1.319503928253540126e+00
1.353140458693368853e+00
1.385441602867098165e+00
1.416375483445189376e+00
1.445911572422204250e+00
1.474020721244251986e+00
1.500675189575116253e+00
1.525848672672581063e+00
1.549516327348060774e+00
1.571654796483820782e+00
1.592242232083630027e+00
1.611258316834111470e+00
1.628684284155451634e+00
1.644502936721766728e+00
1.658698663432781606e+00
1.671257454820104904e+00
1.682166916872879892e+00
1.691416283269174148e+00
1.698996426001043503e+00
1.704899864382774410e+00
1.709120772433415203e+00
1.711654984626315379e+00
1.712499999999999911e+00
1.711654984626315157e+00
1.709120772433414981e+00
1.704899864382773966e+00
1.698996426001043281e+00
1.691416283269172816e+00
1.682166916872878115e+00
1.671257454820104238e+00
1.658698663432780940e+00
1.644502936721764508e+00
1.628684284155448969e+00
1.611258316834108806e+00
1.592242232083631359e+00
1.571654796483817451e+00
1.549516327348057221e+00
1.525848672672577289e+00
1.500675189575112034e+00
1.474020721244253762e+00
1.445911572422199809e+00
1.416375483445184491e+00
1.385441602867093058e+00
1.353140458693367298e+00
1.319503928253538572e+00
1.284565206742159793e+00
1.248358774459163101e+00
1.210920362781960469e+00
1.172286918902879727e+00
1.132496569366752137e+00
1.091588582444627420e+00
1.049603329380720984e+00
1.006582244550856764e+00
9.625677845717728331e-01
9.176033864015287200e-01
8.717334244725106762e-01
8.250031668991847367e-01
7.774587308039687672e-01
7.291470368051902184e-01
6.801157627120626437e-01
6.304132964725093213e-01
5.800886884200571192e-01
5.291916028670905492e-01
4.777722690921821780e-01
4.258814317698132457e-01
3.735703008915758905e-01
3.208905012280474645e-01
2.678940213813866822e-01
2.146331624788716530e-01
1.611604865579537027e-01
1.075287646939443453e-01
5.379092492129323305e-02
-4.196535295759999057e-15
-5.379092492129555064e-02
-1.075287646939527414e-01
-1.611604865579559787e-01
-2.146331624788739845e-01
-2.678940213814010041e-01
-3.208905012280557356e-01
-3.735703008915781109e-01
-4.258814317698154661e-01
-4.777722690921843984e-01
-5.291916028670985428e-01
-5.800886884200593396e-01
-6.304132964725114308e-01
-6.801157627120647531e-01
-7.291470368051923279e-01
-7.774587308039707656e-01
-8.250031668991867351e-01
-8.717334244725125636e-01
-9.176033864015357144e-01
-9.625677845717798276e-01
-1.006582244550858762e+00
-1.049603329380722760e+00
-1.091588582444633859e+00
-1.132496569366758354e+00
-1.172286918902881503e+00
-1.210920362781962245e+00
-1.248358774459168652e+00
-1.284565206742165122e+00
-1.319503928253539904e+00
-1.353140458693372405e+00
-1.385441602867097943e+00
-1.416375483445189154e+00
-1.445911572422200919e+00
-1.474020721244255094e+00
-1.500675189575119139e+00
-1.525848672672581063e+00
-1.549516327348058109e+00
-1.571654796483818339e+00
-1.592242232083632247e+00
-1.611258316834113469e+00
-1.628684284155449857e+00
-1.644502936721765174e+00
-1.658698663432781606e+00
-1.671257454820106236e+00
-1.682166916872878559e+00
-1.691416283269173260e+00
-1.698996426001043503e+00
-1.704899864382775077e+00
-1.709120772433415425e+00
-1.711654984626315157e+00
-1.712499999999999911e+00
-1.711654984626315157e+00
-1.709120772433414537e+00
-1.704899864382774188e+00
-1.698996426001043281e+00
-1.691416283269172816e+00
-1.682166916872878115e+00
-1.671257454820104238e+00
-1.658698663432779385e+00
-1.644502936721764508e+00
-1.628684284155449191e+00
-1.611258316834110804e+00
-1.592242232083629139e+00
-1.571654796483815231e+00
-1.549516327348057221e+00
-1.525848672672580175e+00
-1.500675189575115143e+00
-1.474020721244250876e+00
-1.445911572422196478e+00
-1.416375483445188044e+00
-1.385441602867096833e+00
-1.353140458693367520e+00
-1.319503928253534797e+00
-1.284565206742155796e+00
-1.248358774459167320e+00
-1.210920362781960691e+00
-1.172286918902875286e+00
-1.132496569366747696e+00
-1.091588582444632305e+00
-1.049603329380721206e+00
-1.006582244550856986e+00
-9.625677845717680592e-01
-9.176033864015287200e-01
-8.717334244725107872e-01
-8.250031668991848477e-01
-7.774587308039688782e-01
-7.291470368051848894e-01
-6.801157627120572036e-01
-6.304132964725094324e-01
-5.800886884200574523e-01
-5.291916028670965444e-01
-4.777722690921765158e-01
-4.258814317698075835e-01
-3.735703008915819967e-01
-3.208905012280536262e-01
-2.678940213813928994e-01
-2.146331624788658521e-01
-1.611604865579478463e-01
-1.075287646939506458e-01
-5.379092492129344816e-02
3.986814531406015747e-15
5.379092492130142095e-02
1.075287646939525193e-01
1.611604865579557844e-01
2.146331624788737347e-01
2.678940213814007820e-01
3.208905012280555136e-01
3.735703008915838841e-01
4.258814317698152996e-01
4.777722690921841764e-01
5.291916028670983208e-01
5.800886884200648907e-01
6.304132964725113197e-01
6.801157627120645310e-01
7.291470368051865547e-01
7.774587308039760947e-01
8.250031668991919531e-01
8.717334244725123416e-01
9.176033864015303854e-01
9.625677845717744985e-01
1.006582244550863425e+00
1.049603329380727423e+00
1.091588582444628974e+00
1.132496569366753691e+00
1.172286918902881281e+00
1.210920362781966464e+00
1.248358774459172649e+00
1.284565206742161125e+00
1.319503928253539904e+00
1.353140458693372183e+00
1.385441602867101496e+00
1.416375483445192485e+00
1.445911572422200919e+00
1.474020721244254872e+00
1.500675189575119139e+00
1.525848672672583728e+00
1.549516327348063216e+00
1.571654796483818339e+00
1.592242232083632025e+00
1.611258316834113469e+00
1.628684284155453632e+00
1.644502936721765174e+00
1.658698663432781606e+00
1.671257454820106236e+00
1.682166916872880780e+00
1.691416283269175036e+00
1.698996426001043503e+00
1.704899864382775077e+00
1.709120772433415425e+00
1.711654984626315157e+00
1.712499999999999911e+00
1.711654984626315157e+00
1.709120772433414537e+00
1.704899864382774854e+00
1.698996426001043281e+00
1.691416283269173038e+00
1.682166916872878337e+00
1.671257454820105792e+00
1.658698663432781162e+00
1.644502936721764508e+00
1.628684284155449191e+00
1.611258316834112803e+00
1.592242232083631581e+00
1.571654796483817673e+00
1.549516327348057221e+00
1.525848672672577511e+00
1.500675189575118251e+00
1.474020721244254206e+00
1.445911572422200031e+00
1.416375483445184713e+00
1.385441602867093280e+00
1.353140458693371295e+00
1.319503928253538794e+00
1.284565206742159793e+00
1.248358774459163323e+00
1.210920362781965132e+00
1.172286918902879949e+00
1.132496569366752581e+00
1.091588582444627642e+00
1.049603329380716543e+00
1.006582244550862093e+00
9.625677845717731662e-01
9.176033864015288311e-01
8.717334244725056802e-01
8.250031668991797407e-01
7.774587308039745404e-01
7.291470368051851114e-01
6.801157627120574256e-01
6.304132964725041033e-01
5.800886884200517901e-01
5.291916028670967664e-01
4.777722690921766824e-01
4.258814317698077501e-01
3.735703008915703949e-01
3.208905012280419133e-01
2.678940213813931215e-01
2.146331624788660464e-01
1.611604865579480406e-01
1.075287646939386971e-01
5.379092492129366326e-02
-3.777093767052030859e-15
-5.379092492130120584e-02
-1.075287646939583897e-01
-1.611604865579555901e-01
-2.146331624788735404e-01
-2.678940213814005600e-01
-3.208905012280612867e-01
-3.735703008915777223e-01
-4.258814317698150775e-01
-4.777722690921840099e-01
-5.291916028671039829e-01
-5.800886884200590066e-01
-6.304132964725110977e-01
-6.801157627120643090e-01
-7.291470368051918838e-01
-7.774587308039704325e-01
-8.250031668991864020e-01
-8.717334244725121195e-01
-9.176033864015353814e-01
-9.625677845717693915e-01
-1.006582244550858318e+00
-1.049603329380722538e+00
-1.091588582444633415e+00
-1.132496569366758354e+00
-1.172286918902876618e+00
-1.210920362781961801e+00
-1.248358774459168652e+00
-1.284565206742165122e+00
-1.319503928253543679e+00
-1.353140458693368409e+00
-1.385441602867097721e+00
-1.416375483445188932e+00
-1.445911572422204028e+00
-1.474020721244257981e+00
-1.500675189575116031e+00
-1.525848672672580841e+00
-1.549516327348060551e+00
-1.571654796483820560e+00
-1.592242232083634246e+00
-1.611258316834111470e+00
-1.628684284155451412e+00
-1.644502936721766728e+00
-1.658698663432782938e+00
-1.671257454820104682e+00
-1.682166916872879669e+00
-1.691416283269174148e+00
-1.698996426001044169e+00
-1.704899864382775299e+00
-1.709120772433414981e+00
-1.711654984626315379e+00
-1.712499999999999911e+00
-1.711654984626314935e+00
-1.709120772433414093e+00
-1.704899864382774188e+00
-1.698996426001042614e+00
-1.691416283269171927e+00
-1.682166916872879447e+00
-1.671257454820104460e+00
-1.658698663432779608e+00
-1.644502936721762953e+00
-1.628684284155451190e+00
-1.611258316834111026e+00
-1.592242232083629361e+00
-1.571654796483815231e+00
-1.549516327348059885e+00
-1.525848672672580397e+00
-1.500675189575115587e+00
-1.474020721244251098e+00
-1.445911572422203362e+00
-1.416375483445188266e+00
-1.385441602867097055e+00
-1.353140458693367743e+00
-1.319503928253535241e+00
-1.284565206742164012e+00
-1.248358774459167542e+00
-1.210920362781961135e+00
-1.172286918902875730e+00
-1.132496569366757244e+00
-1.091588582444632527e+00
-1.049603329380721428e+00
-1.006582244550857208e+00
-9.625677845717682812e-01
-9.176033864015341601e-01
-8.717334244725110093e-01
-8.250031668991852918e-01
-7.774587308039693223e-01
-7.291470368051797823e-01
-6.801157627120631988e-01
-6.304132964725098764e-01
-5.800886884200577853e-01
-5.291916028670911043e-01
-4.777722690921710758e-01
-4.258814317698138563e-01
-3.735703008915765011e-01
-3.208905012280480751e-01
-2.678940213813872928e-01
-2.146331624788602455e-01
-1.611604865579543133e-01
-1.075287646939449837e-01
-5.379092492128779296e-02
9.651395177643904286e-15
5.379092492130707615e-02
1.075287646939520891e-01
1.611604865579614188e-01
2.146331624788793413e-01
2.678940213814063886e-01
3.208905012280551250e-01
3.735703008915834400e-01
4.258814317698207397e-01
4.777722690921896165e-01
5.291916028670979877e-01
5.800886884200644467e-01
6.304132964725165378e-01
6.801157627120697491e-01
7.291470368051862216e-01
7.774587308039756506e-01
8.250031668991915090e-01
8.717334244725173376e-01
9.176033864015300523e-01
9.625677845717743875e-01
1.006582244550862981e+00
1.049603329380727201e+00
1.091588582444628752e+00
1.132496569366753469e+00
1.172286918902880837e+00
1.210920362781966020e+00
1.248358774459164211e+00
1.284565206742160903e+00
1.319503928253539682e+00
7.901550123756917454e-01
8.090169943749496717e-01
8.270805742745608313e-01
8.443279255020150753e-01
8.607420270039444210e-01
8.763066800438651383e-01
8.910065241883700082e-01
9.048270524660192438e-01
9.177546256839814731e-01
9.297764858882522354e-01
9.408807689542267871e-01
9.510565162951530871e-01
9.602936856769430651e-01
9.685831611286315201e-01
9.759167619387481007e-01
9.822872507286896093e-01
9.876883405951376593e-01
9.921147013144779869e-01
9.955619646030802183e-01
9.980267284282717810e-01
9.995065603657317110e-01
1.000000000000000000e+00
9.995065603657312669e-01
9.980267284282713369e-01
9.955619646030802183e-01
9.921147013144769877e-01
9.876883405951375483e-01
9.822872507286881660e-01
9.759167619387464354e-01
9.685831611286314091e-01
9.602936856769409557e-01
9.510565162951529761e-01
9.408807689542242336e-01
9.297764858882494599e-01
9.177546256839812511e-01
9.048270524660190217e-01
8.910065241883665665e-01
8.763066800438613635e-01
8.607420270039441990e-01
8.443279255020147422e-01
8.270805742745606093e-01
8.090169943749452308e-01
7.901550123756870825e-01
7.705132427757893643e-01
7.501110696304585934e-01
7.289686274214094430e-01
7.071067811865492381e-01
6.845471059286840632e-01
6.613118653236512712e-01
6.374239897486878581e-01
6.129070536529733770e-01
5.877852522924743583e-01
5.620833778521246993e-01
5.358267949789952134e-01
5.090414157503746484e-01
4.817536741017110491e-01
4.539904997395474151e-01
4.257792915650653875e-01
3.971478906347782889e-01
3.681245526846807503e-01
3.387379202452860394e-01
3.090169943749472292e-01
2.789911060392343267e-01
2.486898871648514919e-01
2.181432413965446182e-01
1.873813145857181617e-01
1.564344650402298142e-01
1.253332335643086437e-01
9.410831331851006454e-02
6.279051952931460900e-02
3.141075907812082568e-02
-1.960672839908941637e-15
-3.141075907812474616e-02
-6.279051952931852254e-02
-9.410831331851396420e-02
-1.253332335643125295e-01
-1.564344650402336723e-01
-1.873813145857220197e-01
-2.181432413965484485e-01
-2.486898871648552944e-01
-2.789911060392312736e-01
-3.090169943749509485e-01
-3.387379202452897031e-01
-3.681245526846844141e-01
-3.971478906347818971e-01
-4.257792915650753796e-01
-4.539904997395509123e-01
-4.817536741017144908e-01
-5.090414157503718728e-01
-5.358267949789985440e-01
-5.620833778521338031e-01
-5.877852522924775780e-01
-6.129070536529764857e-01
-6.374239897486909667e-01
-6.613118653236542688e-01
-6.845471059286921678e-01
-7.071067811865470176e-01
-7.289686274214121076e-01
-7.501110696304611469e-01
-7.705132427757918068e-01
-7.901550123756938548e-01
-8.090169943749474513e-01
-8.270805742745628297e-01
-8.443279255020168517e-01
-8.607420270039425336e-01
-8.763066800438666926e-01
-8.910065241883683429e-01
-9.048270524660206870e-01
-9.177546256839828054e-01
-9.297764858882509031e-01
-9.408807689542280084e-01
-9.510565162951541973e-01
-9.602936856769420659e-01
-9.685831611286324083e-01
-9.759167619387473236e-01
-9.822872507286902755e-01
-9.876883405951382144e-01
-9.921147013144775428e-01
-9.955619646030805514e-01
-9.980267284282715590e-01
-9.995065603657318221e-01
-1.000000000000000000e+00
-9.995065603657316000e-01
-9.980267284282711149e-01
-9.955619646030798853e-01
-9.921147013144765436e-01
-9.876883405951369932e-01
-9.822872507286888322e-01
-9.759167619387456583e-01
-9.685831611286305209e-01
-9.602936856769439533e-01
-9.510565162951518658e-01
-9.408807689542254549e-01
-9.297764858882482386e-01
-9.177546256839799188e-01
-9.048270524660205760e-01
-8.910065241883650122e-01
-8.763066800438632509e-01
-8.607420270039424226e-01
-8.443279255020129659e-01
-8.270805742745626077e-01
-8.090169943749473402e-01
-7.901550123756893029e-01
-7.705132427757871438e-01
-7.501110696304562619e-01
-7.289686274214119965e-01
-7.071067811865467956e-01
-6.845471059286867277e-01
-6.613118653236487177e-01
-6.374239897486907447e-01
-6.129070536529762636e-01
-5.877852522924715828e-01
-5.620833778521276969e-01
-5.358267949789923268e-01
-5.090414157503716508e-01
-4.817536741017142687e-01
-4.539904997395443620e-01
-4.257792915650751575e-01
-3.971478906347751803e-01
-3.681245526846775862e-01
-3.387379202452894811e-01
-3.090169943749439541e-01
-2.789911060392310516e-01
-2.486898871648481890e-01
-2.181432413965412598e-01
-1.873813145857287366e-01
-1.564344650402264281e-01
-1.253332335643052298e-01
-9.410831331850665060e-02
-6.279051952931118119e-02
-3.141075907813160178e-02
5.390921838794707418e-15
3.141075907812817397e-02
6.279051952932195035e-02
9.410831331851737813e-02
1.253332335643018436e-01
1.564344650402370585e-01
1.873813145857253781e-01
2.181432413965517791e-01
2.486898871648586251e-01
2.789911060392277764e-01
3.090169943749542236e-01
3.387379202452929228e-01
3.681245526846809724e-01
3.971478906347850613e-01
4.257792915650720489e-01
4.539904997395539654e-01
4.817536741017174884e-01
5.090414157503748704e-01
5.358267949790014306e-01
5.620833778521308055e-01
5.877852522924745804e-01
6.129070536529791502e-01
6.374239897486880801e-01
6.613118653236568223e-01
6.845471059286893922e-01
7.071067811865494601e-01
7.289686274214144390e-01
7.501110696304587044e-01
7.705132427757894753e-01
7.901550123756915234e-01
8.090169943749495607e-01
8.270805742745647171e-01
8.443279255020148533e-01
8.607420270039443100e-01
8.763066800438649162e-01
8.910065241883698972e-01
9.048270524660191327e-01
9.177546256839813621e-01
9.297764858882522354e-01
9.408807689542267871e-01
9.510565162951551965e-01
9.602936856769430651e-01
9.685831611286315201e-01
9.759167619387481007e-01
9.822872507286881660e-01
9.876883405951386585e-01
9.921147013144778759e-01
9.955619646030802183e-01
9.980267284282717810e-01
9.995065603657314890e-01
1.000000000000000000e+00
9.995065603657314890e-01
9.980267284282717810e-01
9.955619646030795522e-01
9.921147013144778759e-01
9.876883405951364381e-01
9.822872507286881660e-01
9.759167619387481007e-01
9.685831611286297438e-01
9.602936856769430651e-01
9.510565162951508666e-01
9.408807689542243446e-01
9.297764858882522354e-01
9.177546256839785865e-01
9.048270524660191327e-01
8.910065241883634579e-01
8.763066800438615855e-01
8.607420270039443100e-01
8.443279255020110785e-01
8.270805742745607203e-01
8.090169943749453418e-01
7.901550123756871935e-01
7.705132427757894753e-01
7.501110696304587044e-01
7.289686274214095540e-01
7.071067811865443531e-01
6.845471059286842852e-01
6.613118653236514932e-01
6.374239897486880801e-01
6.129070536529735991e-01
5.877852522924688072e-01
5.620833778521308055e-01
5.358267949789954354e-01
5.090414157503687642e-01
4.817536741017112711e-01
4.539904997395413089e-01
4.257792915650720489e-01
3.971478906347785109e-01
3.681245526846743665e-01
3.387379202452929228e-01
3.090169943749474513e-01
2.789911060392277764e-01
2.486898871648517417e-01
2.181432413965379291e-01
1.873813145857253781e-01
1.564344650402300363e-01
1.253332335643018436e-01
9.410831331851737813e-02
6.279051952930776725e-02
3.141075907812817397e-02
-1.715743480079471143e-15
-3.141075907813160872e-02
-6.279051952931118119e-02
-9.410831331852079207e-02
-1.253332335643052298e-01
-1.564344650402264281e-01
-1.873813145857287643e-01
-2.181432413965412598e-01
-2.486898871648619558e-01
-2.789911060392310516e-01
-3.090169943749439541e-01
-3.387379202452961424e-01
-3.681245526846775862e-01
-3.971478906347882254e-01
-4.257792915650751575e-01
-4.539904997395443620e-01
-4.817536741017204860e-01
-5.090414157503716508e-01
-5.358267949790043172e-01
-5.620833778521335811e-01
-5.877852522924715828e-01
-6.129070536529819258e-01
-6.374239897486907447e-01
-6.613118653236540467e-01
-6.845471059286919457e-01
-7.071067811865467956e-01
-7.289686274214167705e-01
-7.501110696304610359e-01
-7.705132427757916957e-01
-7.901550123756936328e-01
-8.090169943749473402e-01
-8.270805742745626077e-01
-8.443279255020167406e-01
-8.607420270039459753e-01
-8.763066800438665815e-01
-8.910065241883682319e-01
-9.048270524660205760e-01
-9.177546256839826944e-01
-9.297764858882534567e-01
-9.408807689542254549e-01
-9.510565162951540863e-01
-9.602936856769439533e-01
-9.685831611286322973e-01
-9.759167619387487669e-01
-9.822872507286888322e-01
-9.876883405951381034e-01
-9.921147013144783200e-01
-9.955619646030798853e-01
-9.980267284282720031e-01
-9.995065603657316000e-01
-1.000000000000000000e+00
-9.995065603657313780e-01
-9.980267284282715590e-01
-9.955619646030798853e-01
-9.921147013144775428e-01
-9.876883405951382144e-01
-9.822872507286876109e-01
-9.759167619387473236e-01
-9.685831611286324083e-01
-9.602936856769420659e-01
-9.510565162951541973e-01
-9.408807689542231234e-01
-9.297764858882509031e-01
-9.177546256839828054e-01
-9.048270524660175784e-01
-8.910065241883683429e-01
-8.763066800438599202e-01
-8.607420270039425336e-01
-8.443279255020168517e-01
-8.270805742745588329e-01
-8.090169943749474513e-01
-7.901550123756850841e-01
-7.705132427757872549e-01
-7.501110696304611469e-01
-7.289686274214072226e-01
-7.071067811865470176e-01
-6.845471059286818427e-01
-6.613118653236489397e-01
-6.374239897486909667e-01
-6.129070536529708235e-01
-5.877852522924718048e-01
-5.620833778521279189e-01
-5.358267949789925488e-01
-5.090414157503718728e-01
-4.817536741017144908e-01
-4.539904997395445840e-01
-4.257792915650689403e-01
-3.971478906347754023e-01
-3.681245526846778082e-01
-3.387379202452897031e-01
-3.090169943749442316e-01
-2.789911060392244457e-01
-2.486898871648552944e-01
-2.181432413965415096e-01
-1.873813145857220197e-01
-1.564344650402266501e-01
-1.253332335642984297e-01
-9.410831331851396420e-02
-6.279051952931143099e-02
-3.141075907812474616e-02
-1.959434878635765131e-15
3.141075907813503654e-02
6.279051952931460900e-02
9.410831331851714221e-02
1.253332335643086437e-01
1.564344650402298142e-01
1.873813145857321227e-01
2.181432413965446182e-01
2.486898871648514919e-01
2.789911060392343267e-01
3.090169943749472292e-01
3.387379202452993621e-01
3.681245526846807503e-01
3.971478906347782889e-01
4.257792915650782661e-01
4.539904997395474151e-01
4.817536741017234836e-01
5.090414157503746484e-01
5.358267949789952134e-01
5.620833778521364676e-01
5.877852522924743583e-01
6.129070536529733770e-01
6.374239897486934092e-01
6.613118653236512712e-01
6.845471059286944993e-01
7.071067811865492381e-01
7.289686274214094430e-01
7.501110696304632564e-01
7.705132427757893643e-01
7.901550123756957422e-01
8.090169943749493386e-01
8.270805742745606093e-01
8.443279255020186280e-01
8.607420270039441990e-01
8.763066800438648052e-01
8.910065241883697862e-01
9.048270524660190217e-01
9.177546256839841377e-01
9.297764858882521244e-01
9.408807689542266761e-01
9.510565162951551965e-01
9.602936856769429541e-01
9.685831611286314091e-01
9.759167619387479897e-01
9.822872507286894983e-01
9.876883405951386585e-01
9.921147013144778759e-01
9.955619646030802183e-01
9.980267284282717810e-01
9.995065603657317110e-01
1.000000000000000000e+00
9.995065603657314890e-01
9.980267284282713369e-01
9.955619646030795522e-01
9.921147013144770987e-01
9.876883405951376593e-01
9.822872507286882771e-01
9.759167619387465464e-01
9.685831611286315201e-01
9.602936856769410667e-01
9.510565162951530871e-01
9.408807689542244557e-01
9.297764858882496819e-01
9.177546256839814731e-01
9.048270524660161351e-01
8.910065241883667886e-01
8.763066800438651383e-01
8.607420270039407573e-01
8.443279255020150753e-01
8.270805742745568345e-01
8.090169943749454529e-01
7.901550123756917454e-01
7.705132427757851454e-01
7.501110696304589265e-01
7.289686274214048911e-01
7.071067811865445751e-01
6.845471059286896143e-01
6.613118653236463862e-01
6.374239897486883022e-01
6.129070536529681590e-01
5.877852522924690293e-01
5.620833778521310276e-01
5.358267949789896623e-01
5.090414157503689863e-01
4.817536741017114932e-01
4.539904997395415309e-01
4.257792915650722709e-01
3.971478906347787330e-01
3.681245526846745886e-01
3.387379202452931448e-01
3.090169943749409565e-01
2.789911060392279984e-01
2.486898871648519638e-01
2.181432413965381512e-01
1.873813145857256279e-01
1.564344650402302861e-01
1.253332335643020656e-01
9.410831331851055026e-02
6.279051952930800318e-02
3.141075907812842377e-02
-1.470814120250000453e-15
-3.141075907813135892e-02
-6.279051952931803682e-02
-9.410831331851347847e-02
-1.253332335643050077e-01
-1.564344650402332004e-01
-1.873813145857285145e-01
-2.181432413965479766e-01
-2.486898871648548226e-01
-2.789911060392308295e-01
-3.090169943749505044e-01
-3.387379202452892590e-01
-3.681245526846839144e-01
-3.971478906347814530e-01
-4.257792915650749355e-01
-4.539904997395504682e-01
-4.817536741017140467e-01
-5.090414157503775350e-01
-5.358267949789980999e-01
-5.620833778521274748e-01
-5.877852522924771339e-01
-6.129070536529760416e-01
-6.374239897486960738e-01
-6.613118653236539357e-01
-6.845471059286866167e-01
-7.071067811865516806e-01
-7.289686274214117745e-01
-7.501110696304655878e-01
-7.705132427757914737e-01
-7.901550123756891919e-01
-8.090169943749514481e-01
-8.270805742745624967e-01
-8.443279255020204044e-01
-8.607420270039458643e-01
-8.763066800438631399e-01
-8.910065241883713405e-01
-9.048270524660204650e-01
-9.177546256839825833e-01
-9.297764858882533456e-01
-9.408807689542254549e-01
-9.510565162951561957e-01
-9.602936856769439533e-01
-9.685831611286322973e-01
-9.759167619387487669e-01
-9.822872507286888322e-01
-9.876883405951381034e-01
-9.921147013144783200e-01
-9.955619646030805514e-01
-9.980267284282720031e-01
-9.995065603657316000e-01
-1.000000000000000000e+00
-9.995065603657313780e-01
-9.980267284282715590e-01
-9.955619646030798853e-01
-9.921147013144775428e-01
-9.876883405951371042e-01
-9.822872507286876109e-01
-9.759167619387473236e-01
-9.685831611286306320e-01
-9.602936856769421770e-01
-9.510565162951520879e-01
-9.408807689542256769e-01
-9.297764858882510142e-01
-9.177546256839801408e-01
-9.048270524660176894e-01
-8.910065241883652343e-01
-8.763066800438634729e-01
-8.607420270039426446e-01
-8.443279255020131879e-01
-8.270805742745629408e-01
-8.090169943749434545e-01
-7.901550123756896360e-01
-7.705132427757919178e-01
-7.501110696304567060e-01
-7.289686274214123296e-01
-7.071067811865421326e-01
-6.845471059286871718e-01
-6.613118653236544908e-01
-6.374239897486856377e-01
-6.129070536529767077e-01
-5.877852522924662537e-01
-5.620833778521281410e-01
-5.358267949789987661e-01
-5.090414157503659887e-01
-4.817536741017147128e-01
-4.539904997395384223e-01
-4.257792915650691623e-01
-3.971478906347821192e-01
-3.681245526846714244e-01
-3.387379202452899252e-01
-3.090169943749376813e-01
-2.789911060392247233e-01
-2.486898871648555442e-01
-2.181432413965348205e-01
-1.873813145857222418e-01
-1.564344650402268999e-01
-1.253332335642986795e-01
-9.410831331851421400e-02
-6.279051952931166691e-02
-3.141075907812498902e-02
4.901063119135766036e-15
3.141075907813478674e-02
6.279051952931435920e-02
9.410831331851689241e-02
1.253332335643083939e-01
1.564344650402365866e-01
1.873813145857249063e-01
2.181432413965443684e-01
2.486898871648581533e-01
2.789911060392341047e-01
3.090169943749537795e-01
3.387379202452924787e-01
3.681245526846805283e-01
3.971478906347846172e-01
4.257792915650716048e-01
4.539904997395535213e-01
4.817536741017170443e-01
5.090414157503744264e-01
5.358267949790009865e-01
5.620833778521303614e-01
5.877852522924742473e-01
6.129070536529788171e-01
6.374239897486877471e-01
6.613118653236564892e-01
6.845471059286890592e-01
7.071067811865490160e-01
7.289686274214141060e-01
7.501110696304583714e-01
7.705132427757936942e-01
7.901550123756913013e-01
8.090169943749450088e-01
8.270805742745644951e-01
8.443279255020146312e-01
8.607420270039476407e-01
8.763066800438646942e-01
8.910065241883664555e-01
9.048270524660219083e-01
9.177546256839811400e-01
9.297764858882546779e-01
9.408807689542265651e-01
9.510565162951528650e-01
9.602936856769448415e-01
9.685831611286314091e-01
9.759167619387495440e-01
9.822872507286894983e-01
9.876883405951375483e-01
9.921147013144787641e-01
9.955619646030802183e-01
9.980267284282717810e-01
9.995065603657317110e-01
1.000000000000000000e+00
9.995065603657312669e-01
9.980267284282713369e-01
9.955619646030796632e-01
9.921147013144770987e-01
9.876883405951376593e-01
9.822872507286882771e-01
9.759167619387466575e-01
9.685831611286298548e-01
9.602936856769411778e-01
9.510565162951531981e-01
9.408807689542244557e-01
9.297764858882497929e-01
9.177546256839786976e-01
9.048270524660192438e-01
8.910065241883668996e-01
8.763066800438618076e-01
8.607420270039408683e-01
8.443279255020113006e-01
8.270805742745610534e-01
8.090169943749456749e-01
7.901550123756875266e-01
7.705132427757898084e-01
7.501110696304543746e-01
7.289686274214099981e-01
7.071067811865497932e-01
6.845471059286846183e-01
6.613118653236518263e-01
6.374239897486829731e-01
6.129070536529739321e-01
5.877852522924750245e-01
5.620833778521252544e-01
5.358267949789958795e-01
5.090414157503753145e-01
4.817536741017116597e-01
4.539904997395480812e-01
4.257792915650660537e-01
3.971478906347790105e-01
3.681245526846814164e-01
3.387379202452867055e-01
3.090169943749479509e-01
2.789911060392213926e-01
2.486898871648522136e-01
2.181432413965453398e-01
1.873813145857188833e-01
1.564344650402305359e-01
1.253332335642952655e-01
9.410831331851080006e-02
6.279051952931534453e-02
3.141075907812156121e-02
-1.225884760420529959e-15
-3.141075907813111606e-02
-6.279051952931778702e-02
-9.410831331851324255e-02
-1.253332335643118078e-01
-1.564344650402329506e-01
-1.873813145857282647e-01
-2.181432413965477268e-01
-2.486898871648546006e-01
-2.789911060392306075e-01
-3.090169943749502823e-01
-3.387379202452956983e-01
-3.681245526846836924e-01
-3.971478906347812310e-01
-4.257792915650747134e-01
-4.539904997395502462e-01
-4.817536741017200419e-01
-5.090414157503713177e-01
-5.358267949789978779e-01
-5.620833778521332480e-01
-5.877852522924770229e-01
-6.129070536529814817e-01
-6.374239897486904116e-01
-6.613118653236537137e-01
-6.845471059286916127e-01
-7.071067811865464625e-01
-7.289686274214165485e-01
-7.501110696304607028e-01
-7.705132427757913627e-01
-7.901550123756934108e-01
-8.090169943749471182e-01
-8.270805742745663824e-01
-8.443279255020165186e-01
-8.607420270039422006e-01
-8.763066800438663595e-01
-8.910065241883680098e-01
-9.048270524660233516e-01
-9.177546256839825833e-01
-9.297764858882506811e-01
-9.408807689542277863e-01
-9.510565162951539753e-01
-9.602936856769458407e-01
-9.685831611286321863e-01
-9.759167619387471015e-01
-9.822872507286900534e-01
-9.876883405951381034e-01
-9.921147013144792082e-01
-9.955619646030805514e-01
-9.980267284282715590e-01
-9.995065603657318221e-01
-1.000000000000000000e+00
-9.995065603657316000e-01
-9.980267284282712259e-01
-9.955619646030799963e-01
-9.921147013144766547e-01
-9.876883405951371042e-01
-9.822872507286889432e-01
-9.759167619387458803e-01
-9.685831611286307430e-01
-9.602936856769421770e-01
-9.510565162951520879e-01
-9.408807689542257879e-01
-9.297764858882484607e-01
-9.177546256839801408e-01
-9.048270524660178005e-01
-8.910065241883653453e-01
-8.763066800438635839e-01
-8.607420270039427557e-01
-8.443279255020132990e-01
-8.270805742745590550e-01
-8.090169943749436765e-01
-7.901550123756897470e-01
-7.705132427757875879e-01
-7.501110696304568171e-01
-7.289686274214075556e-01
-7.071067811865473507e-01
-6.845471059286872828e-01
-6.613118653236492728e-01
-6.374239897486858597e-01
-6.129070536529712676e-01
-5.877852522924722489e-01
-5.620833778521283630e-01
-5.358267949789929929e-01
-5.090414157503723169e-01
-4.817536741017086621e-01
-4.539904997395449726e-01
-4.257792915650758236e-01
-3.971478906347758464e-01
-3.681245526846782523e-01
-3.387379202452834859e-01
-3.090169943749446757e-01
-2.789911060392317732e-01
-2.486898871648488829e-01
-2.181432413965419814e-01
-1.873813145857155249e-01
-1.564344650402271497e-01
-1.253332335643059792e-01
-9.410831331850738612e-02
-6.279051952931191671e-02
-3.141075907811813339e-02
